SP0,SP1,SP2,SP3,SP4,SP5,SP6,SP7,SP8,SP9,SP10,SP11,SP12,SP13,SP14,SP15,DP0,DP1,DP2,DP3,DP4,DP5,DP6,DP7,DP8,DP9,DP10,DP11,DP12,DP13,DP14,DP15,SA0,SA1,SA2,SA3,SA4,SA5,SA6,SA7,SA8,SA9,SA10,SA11,SA12,SA13,SA14,SA15,SA16,SA17,SA18,SA19,SA20,SA21,SA22,SA23,SA24,SA25,SA26,SA27,SA28,SA29,SA30,SA31,DA0,DA1,DA2,DA3,DA4,DA5,DA6,DA7,DA8,DA9,DA10,DA11,DA12,DA13,DA14,DA15,DA16,DA17,DA18,DA19,DA20,DA21,DA22,DA23,DA24,DA25,DA26,DA27,DA28,DA29,DA30,DA31,Proto-0,Proto-1,Proto-2,ip_ihl-0,ip_ihl-1,ip_ihl-2,ip_ihl-3,ip_tos-0,ip_tos-1,ip_tos-2,ip_tos-3,ip_tos-4,ip_tos-5,ip_tos-6,ip_tos-7,ip_flags-0,ip_flags-1,ip_flags-2,ip_ttl-0,ip_ttl-1,ip_ttl-2,ip_ttl-3,ip_ttl-4,ip_ttl-5,ip_ttl-6,ip_ttl-7,tcp_dataofs-0,tcp_dataofs-1,tcp_dataofs-2,tcp_dataofs-3,tcp_flag-0,tcp_flag-1,tcp_flag-2,tcp_flag-3,tcp_window-0,tcp_window-1,tcp_window-2,tcp_window-3,tcp_window-4,tcp_window-5,tcp_window-6,tcp_window-7,tcp_window-8,tcp_window-9,tcp_window-10,tcp_window-11,tcp_window-12,tcp_window-13,tcp_window-14,tcp_window-15,udp_len-0,udp_len-1,udp_len-2,udp_len-3,udp_len-4,udp_len-5,udp_len-6,udp_len-7,udp_len-8,udp_len-9,udp_len-10,udp_len-11,udp_len-12,udp_len-13,udp_len-14,udp_len-15
0,0,0,1,1,1,0,1,0,1,0,0,1,1,0,0,1,1,0,0,1,0,1,1,1,0,1,0,1,0,1,0,1,0,1,1,0,0,1,1,1,0,1,0,1,1,1,1,0,0,1,1,1,0,0,1,1,1,1,1,0,1,1,1,1,0,1,0,1,0,1,0,1,1,1,0,1,1,1,1,1,1,1,1,0,0,1,1,1,1,0,1,1,0,1,1,0,0,0,0,1,0,1,0,0,0,0,0,0,0,0,0,0,0,0,1,0,0,0,0,0,0,0,1,0,1,0,0,1,0,0,0,1,0,0,0,0,0,0,0,0,0,0,0,0,0,0,0,0,0,0,0,0,0,0,0,0,0,0,0,0,0
0,0,0,0,0,0,0,1,1,0,1,1,1,0,1,1,0,0,0,1,1,1,0,0,0,0,0,0,1,0,0,0,0,0,1,1,0,1,0,0,1,1,0,1,1,1,1,1,0,0,1,0,0,1,0,1,0,1,0,1,1,0,0,1,1,0,0,1,0,0,1,0,0,0,1,1,0,1,1,1,0,1,1,0,1,0,0,1,0,1,1,0,0,0,0,1,0,0,0,0,1,0,1,0,0,0,0,0,0,0,0,0,0,0,0,1,0,0,0,0,0,0,0,1,0,1,0,0,1,0,0,0,1,0,0,0,0,0,0,0,0,0,0,0,0,0,0,0,0,0,0,0,0,0,0,0,0,0,0,0,0,0
0,1,0,0,0,1,1,0,0,1,0,1,1,0,1,0,1,0,1,1,0,0,0,0,1,0,0,0,1,0,1,0,0,1,0,1,1,0,1,1,0,0,0,0,0,1,0,0,0,1,0,1,0,0,0,0,0,0,0,1,0,0,1,0,1,0,1,1,0,1,1,0,1,1,1,1,1,0,1,0,1,0,1,0,0,1,0,1,0,0,1,1,1,1,1,1,0,0,0,0,1,0,1,0,0,0,0,0,0,0,0,0,0,0,0,1,0,0,0,0,0,0,0,1,0,1,0,0,1,0,0,0,1,0,0,0,0,0,0,0,0,0,0,0,0,0,0,0,0,0,0,0,0,0,0,0,0,0,0,0,0,0
0,0,0,0,0,0,0,1,1,0,1,1,1,0,1,1,1,0,1,0,0,1,1,1,1,1,0,1,1,0,1,0,0,0,1,1,0,1,0,0,0,1,0,1,1,1,0,0,1,1,1,1,1,1,0,1,1,1,0,0,1,1,1,1,1,0,1,0,1,1,1,1,0,1,0,1,0,1,1,0,0,0,0,1,0,1,0,1,0,0,1,0,0,1,0,1,0,0,0,0,1,0,1,0,0,0,0,0,0,0,0,0,0,0,0,1,0,0,0,0,0,0,0,1,0,1,0,0,1,0,0,0,1,0,0,0,0,0,0,0,0,0,0,0,0,0,0,0,0,0,0,0,0,0,0,0,0,0,0,0,0,0
0,0,0,0,0,0,0,1,1,0,1,1,1,0,1,1,1,0,1,0,0,1,0,0,0,1,1,0,0,0,0,0,0,0,1,1,0,1,1,1,0,0,0,0,1,0,0,0,0,0,1,0,0,1,0,0,1,1,1,1,1,0,1,1,1,0,0,0,1,0,0,0,0,1,0,1,0,1,1,1,0,1,0,0,0,1,1,0,0,0,0,1,0,1,0,0,0,0,0,0,1,0,1,0,0,0,0,0,0,0,0,0,0,0,0,1,0,0,0,0,0,0,0,1,0,1,0,0,1,0,0,0,1,0,0,0,0,0,0,0,0,0,0,0,0,0,0,0,0,0,0,0,0,0,0,0,0,0,0,0,0,0
0,0,0,0,0,0,0,0,0,0,0,1,0,1,1,1,1,0,1,0,1,1,0,0,0,0,1,1,1,0,1,0,1,0,0,1,0,1,0,1,0,0,0,1,0,0,1,0,0,1,1,0,1,1,1,1,0,1,1,0,1,1,1,0,1,0,1,0,1,1,1,1,0,1,0,1,0,1,1,0,0,0,0,1,0,1,0,0,0,1,0,0,1,0,0,0,0,0,0,0,1,0,1,0,0,0,0,0,0,0,0,0,0,0,0,1,0,0,0,0,0,0,0,1,0,1,0,0,1,0,0,0,1,0,0,0,0,0,0,0,0,0,0,0,0,0,0,0,0,0,0,0,0,0,0,0,0,0,0,0,0,0
0,1,1,0,1,1,1,0,1,0,0,0,1,1,0,0,1,1,1,1,1,0,0,1,0,1,1,1,0,1,1,0,1,0,1,1,0,0,1,1,1,0,1,0,0,0,1,1,1,0,1,1,0,1,1,0,0,0,0,1,0,1,1,1,1,0,1,0,1,0,1,1,1,1,0,0,0,1,1,0,0,1,0,1,1,0,0,1,0,0,1,0,1,1,1,1,0,0,1,0,1,0,1,0,0,0,0,0,0,0,0,0,0,0,0,1,0,0,0,0,0,0,0,0,0,0,0,0,0,0,0,0,0,0,0,0,0,0,0,0,0,0,0,0,0,0,0,0,0,0,0,0,0,0,0,0,0,0,1,0,0,0
1,1,1,0,0,1,1,1,1,0,0,0,1,1,1,0,0,1,1,1,1,1,1,0,1,0,0,1,0,1,1,0,0,1,0,1,1,0,0,1,1,1,1,0,1,0,0,0,1,1,1,0,0,1,1,1,0,1,0,1,1,0,0,0,1,0,1,1,0,1,1,0,0,0,0,1,0,1,1,0,0,1,0,0,1,1,1,0,0,0,0,0,0,0,1,1,0,0,1,0,1,0,1,0,0,0,0,0,0,0,0,0,0,0,0,1,0,0,0,0,0,0,0,0,0,0,0,0,0,0,0,0,0,0,0,0,0,0,0,0,0,0,0,0,0,0,0,0,0,0,0,0,0,0,0,0,0,0,1,0,0,0
1,1,0,0,0,0,1,1,0,1,0,0,0,1,1,1,0,0,0,0,0,0,0,1,1,0,1,1,1,1,0,1,1,0,1,0,0,0,0,0,0,1,0,0,0,1,0,0,1,0,0,0,1,1,0,0,1,1,1,0,1,1,1,1,0,0,1,0,1,1,0,1,0,0,1,1,1,1,1,0,1,1,1,0,1,0,0,1,0,1,1,1,0,1,0,1,0,0,0,0,1,0,1,0,0,0,0,0,0,0,0,0,0,0,0,1,0,0,0,0,0,0,0,1,0,1,0,0,1,0,0,0,1,0,0,0,0,0,0,0,0,0,0,0,0,0,0,0,0,0,0,0,0,0,0,0,0,0,0,0,0,0
0,0,0,0,0,0,0,0,0,1,0,1,0,0,0,0,1,1,0,0,1,1,0,0,0,1,0,0,0,0,1,0,1,1,0,0,0,1,1,1,0,1,1,0,1,0,0,1,1,1,1,0,0,1,1,1,1,0,1,1,1,1,1,0,1,0,0,1,0,0,1,0,0,0,1,1,0,1,1,1,0,1,1,0,1,0,0,1,0,1,1,0,0,0,1,1,0,0,0,0,1,0,1,0,0,0,0,0,0,0,0,0,0,0,0,1,0,0,0,0,0,0,0,1,0,1,0,0,1,0,0,0,1,0,0,0,0,0,0,0,0,0,0,0,0,0,0,0,0,0,0,0,0,0,0,0,0,0,0,0,0,0
0,0,0,0,0,0,0,1,1,0,1,1,1,0,1,1,1,0,0,1,1,1,1,0,0,1,1,1,1,0,0,0,0,0,1,0,0,0,1,0,1,1,1,0,1,1,1,1,0,1,0,0,0,0,1,1,0,0,1,0,1,0,0,0,1,0,0,1,0,0,1,0,0,0,1,1,0,1,1,1,0,1,1,0,1,0,0,1,0,1,0,1,1,1,0,0,0,0,0,0,1,0,1,0,0,0,0,0,0,0,0,0,0,0,0,1,0,0,0,0,0,0,0,1,0,1,0,0,1,0,0,0,1,0,0,0,0,0,0,0,0,0,0,0,0,0,0,0,0,0,0,0,0,0,0,0,0,0,0,0,0,0
0,0,0,0,0,0,0,1,1,0,1,1,1,0,1,1,1,0,0,1,0,1,1,1,0,0,1,0,1,0,0,1,0,1,0,1,1,0,1,1,0,0,0,0,1,1,0,0,1,0,1,0,1,0,1,1,0,1,1,0,1,0,1,0,1,0,1,0,1,0,1,1,1,0,1,1,0,0,0,0,0,0,0,1,1,0,0,1,1,0,1,0,0,1,1,0,0,0,0,0,1,0,1,0,0,0,0,0,0,0,0,0,0,0,0,1,0,0,0,0,0,0,0,1,0,1,0,0,1,0,0,0,1,0,0,0,0,0,0,0,0,0,0,0,0,0,0,0,0,0,0,0,0,0,0,0,0,0,0,0,0,0
0,0,0,0,0,0,0,1,1,0,1,1,1,0,1,1,1,1,1,0,0,1,1,1,1,1,1,0,0,0,1,1,1,1,0,0,1,1,0,1,1,0,1,1,1,1,1,0,0,0,0,1,0,1,0,0,1,0,1,0,1,0,1,1,1,0,1,0,0,0,0,1,0,1,0,1,1,0,0,1,0,1,0,1,0,0,0,0,1,0,0,1,0,1,1,0,0,0,0,0,1,0,1,0,0,0,0,0,0,0,0,0,0,0,0,1,0,0,0,0,0,0,0,1,0,1,0,0,1,0,0,0,1,0,0,0,0,0,0,0,0,0,0,0,0,0,0,0,0,0,0,0,0,0,0,0,0,0,0,0,0,0
1,1,1,0,0,0,0,1,0,1,1,1,1,1,0,1,1,1,0,0,0,0,0,0,1,1,0,0,0,0,1,1,1,0,0,0,0,0,0,0,0,0,1,1,0,1,1,1,1,1,1,1,1,0,1,1,0,1,0,1,1,1,1,1,1,0,1,1,0,1,0,0,1,1,0,1,0,0,1,1,0,1,1,1,0,0,1,1,0,1,0,1,0,1,0,1,0,0,1,0,1,0,1,0,0,0,0,0,0,0,0,0,0,0,0,1,0,0,0,0,0,0,0,0,0,0,0,0,0,0,0,0,0,0,0,0,0,0,0,0,0,0,0,0,0,0,0,0,0,0,0,0,0,0,0,0,0,0,1,0,0,0
0,0,0,0,0,0,0,0,0,1,0,1,0,0,0,0,1,1,1,0,0,0,0,1,1,0,1,0,0,0,1,1,0,0,0,1,1,1,1,0,1,1,1,1,1,1,0,0,1,1,1,1,0,1,1,1,0,0,1,1,0,1,1,0,1,0,0,0,1,0,0,0,1,0,1,1,1,0,1,0,0,1,0,0,1,0,0,1,1,0,0,1,1,1,0,0,0,0,0,0,1,0,1,0,0,0,0,0,0,0,0,0,0,0,0,1,0,0,0,0,0,0,0,1,0,1,0,0,1,0,0,0,1,0,0,0,0,0,0,0,0,0,0,0,0,0,0,0,0,0,0,0,0,0,0,0,0,0,0,0,0,0
0,0,0,0,0,0,0,1,1,0,1,1,1,0,1,1,1,1,1,1,0,0,1,0,0,0,0,1,0,0,1,0,1,0,0,1,0,0,1,0,0,0,1,1,0,1,1,1,0,1,0,1,1,0,1,1,1,1,0,0,0,0,0,0,1,0,0,1,0,0,1,0,0,0,1,1,0,1,1,1,0,1,1,0,1,0,0,1,0,1,0,1,1,1,0,1,0,0,0,0,1,0,1,0,0,0,0,0,0,0,0,0,0,0,0,1,0,0,0,0,0,0,0,1,0,1,0,0,1,0,0,0,1,0,0,0,0,0,0,0,0,0,0,0,0,0,0,0,0,0,0,0,0,0,0,0,0,0,0,0,0,0
0,0,0,0,0,0,0,1,1,0,1,1,1,0,1,1,0,0,0,0,0,1,1,0,0,1,1,0,0,0,0,0,0,0,1,1,0,1,0,0,0,1,0,0,1,1,1,1,0,1,0,0,0,1,1,0,0,1,1,0,0,0,0,0,1,0,1,0,1,1,1,1,0,1,0,1,0,1,0,0,1,0,1,0,0,1,1,1,1,1,0,1,1,1,0,1,0,0,0,0,1,0,1,0,0,0,0,0,0,0,0,0,0,0,0,1,0,0,0,0,0,0,0,1,0,1,0,0,1,0,0,0,1,0,0,0,0,0,0,0,0,0,0,0,0,0,0,0,0,0,0,0,0,0,0,0,0,0,0,0,0,0
1,0,1,1,1,0,0,0,0,0,0,0,1,1,1,0,0,0,0,0,0,0,0,1,1,0,1,1,1,0,1,1,0,0,1,0,1,1,0,1,1,1,1,0,0,0,0,1,0,0,1,1,0,1,1,0,1,1,1,1,1,0,1,1,0,0,0,1,1,1,1,0,1,1,1,0,1,1,1,1,0,0,0,0,0,0,0,0,0,1,1,1,0,0,1,1,0,0,0,0,1,0,1,0,0,0,0,0,0,0,0,0,0,0,0,1,0,0,0,0,0,0,0,1,0,1,0,0,1,0,0,0,1,0,0,0,0,0,0,0,0,0,0,0,0,0,0,0,0,0,0,0,0,0,0,0,0,0,0,0,0,0
1,0,0,0,0,1,1,0,0,1,0,1,0,1,0,1,0,0,1,0,1,0,0,1,0,1,0,1,0,1,0,0,0,1,1,0,1,0,0,1,1,1,1,0,0,0,0,0,1,1,0,1,0,0,1,0,0,0,1,0,0,0,1,1,1,0,0,0,1,0,0,0,0,0,0,1,1,1,0,0,1,0,1,1,1,0,1,1,1,1,1,0,1,1,1,0,0,0,1,0,1,0,1,0,0,0,0,0,0,0,0,0,0,0,0,1,0,0,0,0,0,0,0,0,0,0,0,0,0,0,0,0,0,0,0,0,0,0,0,0,0,0,0,0,0,0,0,0,0,0,0,0,0,0,0,0,0,0,1,0,0,0
0,0,0,0,0,0,0,1,1,0,1,1,1,0,1,1,1,1,0,1,1,1,0,0,0,1,1,0,1,1,0,0,1,0,0,1,0,1,0,0,1,1,1,0,0,0,1,1,0,0,1,0,1,0,1,0,0,1,1,0,0,1,1,1,1,0,0,0,1,0,0,0,0,0,0,1,1,1,0,0,1,0,1,1,1,0,0,0,1,1,1,1,1,1,0,0,0,0,0,0,1,0,1,0,0,0,0,0,0,0,0,0,0,0,0,1,0,0,0,0,0,0,0,1,0,1,0,0,1,0,0,0,1,0,0,0,0,0,0,0,0,0,0,0,0,0,0,0,0,0,0,0,0,0,0,0,0,0,0,0,0,0
0,0,0,0,0,0,0,0,0,1,0,1,0,0,0,0,1,1,0,0,1,0,0,0,1,1,0,1,1,0,0,1,0,1,0,0,1,0,0,0,0,1,1,0,1,0,1,0,1,1,0,1,0,1,1,0,1,1,1,1,1,1,0,1,1,0,1,0,0,0,1,0,0,1,0,0,0,0,1,1,1,1,1,0,1,0,1,1,0,1,0,0,0,0,1,1,0,0,0,0,1,0,1,0,0,0,0,0,0,0,0,0,0,0,0,1,0,0,0,0,0,0,0,1,0,1,0,0,1,0,0,0,1,0,0,0,0,0,0,0,0,0,0,0,0,0,0,0,0,0,0,0,0,0,0,0,0,0,0,0,0,0
0,0,0,0,0,0,0,1,1,0,1,1,1,0,1,1,1,1,0,1,1,0,0,1,1,1,1,0,0,0,0,0,0,0,1,0,0,0,1,0,1,1,0,1,1,1,1,1,1,1,0,1,0,0,0,0,1,1,1,0,0,0,1,1,1,0,1,0,1,1,1,1,1,1,1,1,0,0,1,0,0,1,1,1,1,1,1,0,0,0,0,0,1,1,0,0,0,0,0,0,1,0,1,0,0,0,0,0,0,0,0,0,0,0,0,1,0,0,0,0,0,0,0,1,0,1,0,0,1,0,0,0,1,0,0,0,0,0,0,0,0,0,0,0,0,0,0,0,0,0,0,0,0,0,0,0,0,0,0,0,0,0
0,1,0,0,0,0,0,1,0,0,1,1,1,1,0,0,0,1,0,0,0,1,1,0,1,1,0,1,1,1,1,0,0,0,1,1,0,1,0,0,0,1,1,1,1,0,0,1,1,0,1,1,1,1,1,1,0,0,0,1,0,1,1,1,1,0,1,0,1,1,1,1,0,1,0,1,0,1,0,0,1,0,0,1,1,1,0,0,0,0,1,1,0,0,1,1,0,0,1,0,1,0,1,0,0,0,0,0,0,0,0,0,0,0,0,1,0,0,0,0,0,0,0,0,0,0,0,0,0,0,0,0,0,0,0,0,0,0,0,0,0,0,0,0,0,0,0,0,0,0,0,0,0,0,0,0,0,0,1,0,0,0
1,1,0,0,0,1,1,0,1,0,1,1,1,0,0,0,1,0,0,1,1,1,0,0,0,0,0,0,1,1,1,1,1,1,0,1,0,1,0,1,0,0,0,0,1,1,0,1,1,0,1,0,0,1,0,0,0,1,1,1,1,1,1,1,1,1,0,0,1,0,1,1,1,1,1,1,1,1,0,1,1,0,1,0,0,1,1,1,1,0,0,1,1,1,1,1,0,0,1,0,1,0,1,0,0,0,0,0,0,0,0,0,0,0,0,1,0,0,0,0,0,0,0,0,0,0,0,0,0,0,0,0,0,0,0,0,0,0,0,0,0,0,0,0,0,0,0,0,0,0,0,0,0,0,0,0,0,0,1,0,0,0
0,0,0,0,0,0,0,1,1,0,1,1,1,0,1,1,1,1,1,0,1,0,1,0,1,0,1,1,0,1,0,0,1,1,0,1,0,1,0,1,0,0,0,0,0,1,0,1,0,0,0,0,0,1,0,0,1,1,1,0,0,1,1,1,1,0,1,0,0,0,1,0,1,0,1,0,0,0,0,0,1,1,0,1,0,0,1,1,1,1,0,1,0,1,1,1,0,0,0,0,1,0,1,0,0,0,0,0,0,0,0,0,0,0,0,1,0,0,0,0,0,0,0,1,0,1,0,0,1,0,0,0,1,0,0,0,0,0,0,0,0,0,0,0,0,0,0,0,0,0,0,0,0,0,0,0,0,0,0,0,0,0
1,1,0,1,0,0,1,0,1,1,1,1,0,1,0,0,0,0,1,1,0,1,0,0,1,1,0,0,1,0,0,1,1,0,0,0,0,0,0,0,0,0,1,1,0,1,1,1,1,1,1,1,0,0,0,0,0,0,1,1,0,1,1,0,1,0,1,1,0,1,1,0,1,1,1,1,0,1,1,1,0,0,0,1,0,1,0,1,0,0,1,1,1,1,0,1,0,0,1,0,1,0,1,0,0,0,0,0,0,0,0,0,0,0,0,1,0,0,0,0,0,0,0,0,0,0,0,0,0,0,0,0,0,0,0,0,0,0,0,0,0,0,0,0,0,0,0,0,0,0,0,0,0,0,0,0,0,0,1,0,0,0
0,1,1,0,1,0,1,1,0,0,1,0,0,0,0,0,1,1,0,1,0,1,1,0,1,1,1,0,0,0,0,0,0,1,1,1,1,1,1,0,0,0,1,1,0,0,0,1,1,1,1,0,1,0,1,1,1,0,1,0,0,0,0,1,1,1,0,1,1,0,1,1,1,1,0,1,1,1,0,1,0,0,0,0,0,0,0,0,1,1,0,1,1,0,0,0,0,0,1,0,1,0,1,0,0,0,0,0,0,0,0,0,0,0,0,1,0,0,0,0,0,0,0,0,0,0,0,0,0,0,0,0,0,0,0,0,0,0,0,0,0,0,0,0,0,0,0,0,0,0,0,0,0,0,0,0,0,0,1,0,0,0
0,0,0,0,0,0,0,0,0,1,0,1,0,0,0,0,1,1,1,1,1,1,0,0,0,1,1,1,0,1,0,0,0,0,0,1,1,0,0,1,0,0,0,1,1,1,1,1,0,1,0,0,1,1,1,1,0,0,0,1,1,1,1,0,1,0,0,1,0,0,1,0,0,0,1,1,0,1,1,1,0,1,1,0,1,0,0,1,0,1,1,0,0,1,0,0,0,0,0,0,1,0,1,0,0,0,0,0,0,0,0,0,0,0,0,1,0,0,0,0,0,0,0,1,0,1,0,0,1,0,0,0,1,0,0,0,0,0,0,0,0,0,0,0,0,0,0,0,0,0,0,0,0,0,0,0,0,0,0,0,0,0
0,0,0,1,1,1,1,0,0,1,1,0,0,0,0,1,1,1,1,1,1,0,0,0,0,1,0,0,1,1,0,0,0,0,1,0,0,1,0,1,1,1,1,1,0,1,0,1,0,1,1,1,1,1,0,0,0,0,0,0,0,0,1,0,1,0,1,0,1,1,1,1,0,1,0,0,1,0,0,1,1,1,1,1,1,0,1,0,0,0,0,0,0,0,1,1,0,0,1,0,1,0,1,0,0,0,0,0,0,0,0,0,0,0,0,1,0,0,0,0,0,0,0,0,0,0,0,0,0,0,0,0,0,0,0,0,0,0,0,0,0,0,0,0,0,0,0,0,0,0,0,0,0,0,0,0,0,0,1,0,0,0
0,0,0,1,1,0,1,0,1,1,1,0,0,0,0,1,1,1,1,1,0,0,1,1,0,1,1,1,1,1,1,1,1,0,1,0,1,0,0,0,0,1,1,1,0,1,0,1,0,0,1,1,0,1,0,0,0,0,0,1,1,1,0,0,1,0,1,1,1,1,1,1,1,0,0,1,0,1,1,1,1,0,1,1,1,0,0,0,0,1,0,0,1,1,0,0,0,0,1,0,1,0,1,0,0,0,0,0,0,0,0,0,0,0,0,1,0,0,0,0,0,0,0,0,0,0,0,0,0,0,0,0,0,0,0,0,0,0,0,0,0,0,0,0,0,0,0,0,0,0,0,0,0,0,0,0,0,0,1,0,0,0
0,0,0,0,0,0,0,1,1,0,1,1,1,0,1,1,0,0,0,1,0,0,1,1,0,0,0,1,1,1,0,1,1,1,0,0,0,1,1,1,1,1,0,0,0,0,0,0,0,1,1,0,1,0,0,1,1,1,1,0,0,1,1,1,1,0,1,1,0,1,0,0,0,1,1,1,1,0,0,0,1,1,1,1,0,1,1,0,0,0,1,1,0,1,0,0,0,0,0,0,1,0,1,0,0,0,0,0,0,0,0,0,0,0,0,1,0,0,0,0,0,0,0,1,0,1,0,0,1,0,0,0,1,0,0,0,0,0,0,0,0,0,0,0,0,0,0,0,0,0,0,0,0,0,0,0,0,0,0,0,0,0
1,1,0,1,1,0,1,1,1,0,0,1,0,0,0,1,0,0,0,0,1,0,0,1,0,1,1,1,1,1,1,1,0,1,0,1,1,1,1,0,1,0,1,0,0,1,0,0,1,0,1,1,0,1,1,0,0,1,0,1,1,0,1,0,0,0,1,0,1,1,0,1,1,1,1,0,1,1,0,1,0,0,1,0,0,0,1,0,1,0,0,1,0,1,1,1,0,0,0,0,1,0,1,0,0,0,0,0,0,0,0,0,0,0,0,1,0,0,0,0,0,0,0,1,0,1,0,0,1,0,0,0,1,0,0,0,0,0,0,0,0,0,0,0,0,0,0,0,0,0,0,0,0,0,0,0,0,0,0,0,0,0
0,0,0,0,0,0,0,1,1,0,1,1,1,0,1,1,0,1,1,0,1,0,1,1,0,0,1,0,1,0,1,0,0,0,1,1,0,1,1,1,0,0,0,1,1,1,0,0,1,1,0,0,1,0,0,1,1,1,1,0,1,1,1,0,1,0,0,1,0,0,1,0,0,0,1,1,0,1,1,1,0,1,1,0,1,0,0,1,0,1,1,0,0,1,0,1,0,0,0,0,1,0,1,0,0,0,0,0,0,0,0,0,0,0,0,1,0,0,0,0,0,0,0,1,0,1,0,0,1,0,0,0,1,0,0,0,0,0,0,0,0,0,0,0,0,0,0,0,0,0,0,0,0,0,0,0,0,0,0,0,0,0
0,0,0,0,0,0,0,1,1,0,1,1,1,0,1,1,1,0,0,1,0,1,1,0,0,0,0,0,1,0,0,1,0,0,0,1,1,0,1,0,0,1,1,1,1,0,0,0,0,1,1,1,1,0,0,1,1,1,1,1,0,0,1,0,1,0,1,0,0,0,1,0,0,1,0,0,0,0,1,1,1,1,1,0,1,1,1,0,1,0,1,0,0,1,0,0,0,0,0,0,1,0,1,0,0,0,0,0,0,0,0,0,0,0,0,1,0,0,0,0,0,0,0,1,0,1,0,0,1,0,0,0,1,0,0,0,0,0,0,0,0,0,0,0,0,0,0,0,0,0,0,0,0,0,0,0,0,0,0,0,0,0
0,0,0,0,0,0,0,1,1,0,1,1,1,0,1,1,0,0,0,1,1,1,1,1,1,0,0,1,1,0,0,0,1,0,0,1,0,0,1,0,0,0,1,1,0,1,1,1,0,1,0,1,1,0,1,1,1,1,1,0,1,0,0,1,1,0,0,1,0,0,1,0,0,0,1,1,0,1,1,1,0,1,1,0,1,0,0,1,0,1,0,1,1,1,0,1,0,0,0,0,1,0,1,0,0,0,0,0,0,0,0,0,0,0,0,1,0,0,0,0,0,0,0,1,0,1,0,0,1,0,0,0,1,0,0,0,0,0,0,0,0,0,0,0,0,0,0,0,0,0,0,0,0,0,0,0,0,0,0,0,0,0
0,0,0,0,0,0,0,1,1,0,1,1,1,0,1,1,1,0,1,1,0,0,0,1,0,1,1,1,0,0,0,1,0,0,1,0,0,0,1,1,0,1,0,1,0,0,0,1,0,0,1,0,0,1,0,0,1,1,1,1,1,1,0,0,0,0,1,0,1,1,0,1,1,0,1,0,1,0,1,0,0,1,0,0,1,0,0,0,1,0,0,1,1,1,1,0,0,0,0,0,1,0,1,0,0,0,0,0,0,0,0,0,0,0,0,1,0,0,0,0,0,0,0,1,0,1,0,0,1,0,0,0,1,0,0,0,0,0,0,0,0,0,0,0,0,0,0,0,0,0,0,0,0,0,0,0,0,0,0,0,0,0
0,0,0,0,0,0,0,1,1,0,1,1,1,0,1,1,1,1,0,0,1,0,0,0,0,0,0,0,1,1,1,1,1,1,0,0,1,0,1,1,0,1,0,0,1,1,0,1,0,0,1,1,0,0,0,0,1,1,1,0,1,0,1,0,0,0,1,0,1,1,0,1,0,1,0,1,0,1,1,1,1,0,1,0,0,0,0,0,1,1,1,0,0,0,0,0,0,0,0,0,1,0,1,0,0,0,0,0,0,0,0,0,0,0,0,1,0,0,0,0,0,0,0,1,0,1,0,0,1,0,0,0,1,0,0,0,0,0,0,0,0,0,0,0,0,0,0,0,0,0,0,0,0,0,0,0,0,0,0,0,0,0
1,1,0,0,0,0,0,0,1,1,1,1,0,1,0,0,1,0,1,1,0,0,1,0,0,1,0,1,1,0,0,1,0,1,1,1,0,1,0,1,1,0,0,1,1,1,0,1,1,0,0,1,0,0,1,1,1,1,1,0,0,1,0,1,1,0,1,0,1,1,1,1,0,1,0,1,0,1,0,0,1,0,0,0,0,1,1,0,0,1,0,1,1,0,1,0,0,0,1,0,1,0,1,0,0,0,0,0,0,0,0,0,0,0,0,1,0,0,0,0,0,0,0,0,0,0,0,0,0,0,0,0,0,0,0,0,0,0,0,0,0,0,0,0,0,0,0,0,0,0,0,0,0,0,0,0,0,0,1,0,0,0
0,0,0,1,1,0,1,0,1,1,1,0,0,0,0,1,1,1,1,0,0,0,1,1,1,1,0,1,0,1,0,0,1,1,0,1,1,1,1,1,1,1,1,0,1,1,1,1,0,1,0,0,1,0,1,0,0,0,1,0,0,0,1,0,1,0,1,0,1,1,0,1,1,1,1,1,1,0,0,1,0,0,1,0,0,1,0,1,0,1,1,0,0,0,1,1,0,0,1,0,1,0,1,0,0,0,0,0,0,0,0,0,0,0,0,1,0,0,0,0,0,0,0,0,0,0,0,0,0,0,0,0,0,0,0,0,0,0,0,0,0,0,0,0,0,0,0,0,0,0,0,0,0,0,0,0,0,0,1,0,0,0
0,0,0,0,0,0,0,1,1,0,1,1,1,0,1,1,1,1,0,1,1,0,1,1,0,1,0,1,1,0,1,0,0,0,0,1,1,1,1,0,1,1,0,1,1,1,0,0,1,0,1,0,0,0,0,1,0,1,0,1,0,1,1,1,1,0,0,1,0,0,1,0,0,0,1,1,0,1,1,1,0,1,1,0,1,0,0,1,0,1,1,0,0,0,1,1,0,0,0,0,1,0,1,0,0,0,0,0,0,0,0,0,0,0,0,1,0,0,0,0,0,0,0,1,0,1,0,0,1,0,0,0,1,0,0,0,0,0,0,0,0,0,0,0,0,0,0,0,0,0,0,0,0,0,0,0,0,0,0,0,0,0
0,0,0,0,0,0,0,0,0,1,0,1,0,0,0,0,1,1,0,0,0,0,1,0,1,0,0,1,1,0,1,0,0,1,0,1,1,0,1,1,0,1,0,0,0,1,1,1,0,0,0,0,0,1,0,0,1,0,1,0,0,0,0,1,1,0,1,0,1,0,1,1,1,1,0,0,0,1,1,1,1,0,1,1,1,1,1,1,0,0,1,1,0,0,1,1,0,0,0,0,1,0,1,0,0,0,0,0,0,0,0,0,0,0,0,1,0,0,0,0,0,0,0,1,0,1,0,0,1,0,0,0,1,0,0,0,0,0,0,0,0,0,0,0,0,0,0,0,0,0,0,0,0,0,0,0,0,0,0,0,0,0
0,0,0,0,0,0,0,1,1,0,1,1,1,0,1,1,1,1,0,0,1,0,0,0,1,0,1,0,0,1,0,1,1,1,0,1,0,1,0,1,0,0,0,0,1,1,0,1,1,0,1,0,0,1,1,0,0,0,1,1,1,1,0,0,1,0,1,0,1,1,1,1,0,1,0,0,1,0,0,1,1,0,1,1,0,1,0,0,0,0,1,0,1,0,0,1,0,0,0,0,1,0,1,0,0,0,0,0,0,0,0,0,0,0,0,1,0,0,0,0,0,0,0,1,0,1,0,0,1,0,0,0,1,0,0,0,0,0,0,0,0,0,0,0,0,0,0,0,0,0,0,0,0,0,0,0,0,0,0,0,0,0
0,0,0,0,0,0,0,1,1,0,1,1,1,0,1,1,1,1,0,0,0,1,0,0,1,0,1,0,1,0,1,1,1,0,1,1,0,0,1,0,0,0,0,1,0,1,1,0,1,1,1,1,1,1,1,0,0,1,0,0,1,0,1,0,1,0,1,0,0,0,0,1,0,1,0,1,0,0,0,0,0,1,0,1,0,0,1,1,1,0,1,1,0,1,1,1,0,0,0,0,1,0,1,0,0,0,0,0,0,0,0,0,0,0,0,1,0,0,0,0,0,0,0,1,0,1,0,0,1,0,0,0,1,0,0,0,0,0,0,0,0,0,0,0,0,0,0,0,0,0,0,0,0,0,0,0,0,0,0,0,0,0
0,0,0,0,0,0,0,0,0,0,1,1,0,1,0,1,1,0,0,1,0,1,1,1,0,0,1,0,1,1,0,0,1,0,1,0,0,1,0,0,1,0,1,0,1,1,0,0,1,1,1,0,1,1,1,1,0,1,1,1,1,1,1,1,1,0,0,1,1,1,1,0,0,0,1,1,0,0,0,0,1,0,0,0,1,1,0,1,1,1,0,1,0,0,1,0,0,0,1,0,1,0,1,0,0,0,0,0,0,0,0,0,0,0,0,1,0,0,0,0,0,0,0,0,0,0,0,0,0,0,0,0,0,0,0,0,0,0,0,0,0,0,0,0,0,0,0,0,0,0,0,0,0,0,0,0,0,0,1,0,0,0
0,0,0,0,0,0,0,1,1,0,1,1,1,0,1,1,0,0,1,1,0,0,1,0,0,0,0,1,0,0,0,1,0,0,0,0,1,1,0,1,0,1,0,1,1,1,1,1,1,1,0,1,0,1,0,1,0,0,1,0,0,1,1,0,1,1,0,0,0,1,1,1,0,1,1,1,1,1,0,0,1,1,0,0,0,1,0,0,0,0,1,1,0,0,0,1,0,0,0,0,1,0,1,0,0,0,0,0,0,0,0,0,0,0,0,1,0,0,0,0,0,0,0,1,0,1,0,0,1,0,0,0,1,0,0,0,0,0,0,0,0,0,0,0,0,0,0,0,0,0,0,0,0,0,0,0,0,0,0,0,0,0
1,1,1,0,1,0,0,0,0,1,1,0,0,1,1,1,1,1,1,0,1,1,0,0,1,0,0,0,1,1,0,1,1,0,0,0,0,0,0,0,0,0,1,1,0,1,1,1,1,1,1,1,1,0,1,0,1,1,0,1,0,0,0,0,1,0,0,0,1,0,0,0,0,0,1,0,0,0,1,0,0,1,0,1,1,1,1,1,1,1,1,0,1,0,1,1,0,0,1,0,1,0,1,0,0,0,0,0,0,0,0,0,0,0,0,1,0,0,0,0,0,0,0,0,0,0,0,0,0,0,0,0,0,0,0,0,0,0,0,0,0,0,0,0,0,0,0,0,0,0,0,0,0,0,0,0,0,0,1,0,0,0
1,0,1,1,0,0,1,0,1,0,0,1,0,0,0,1,1,1,1,0,1,0,0,0,0,0,0,1,0,1,1,1,0,1,0,1,1,0,0,1,0,0,0,1,1,1,0,0,1,1,1,0,1,1,1,1,0,0,1,1,1,0,1,0,1,0,1,0,1,1,0,1,1,1,1,1,1,0,0,1,0,1,1,1,0,1,1,1,1,0,0,0,0,1,0,1,0,0,1,0,1,0,1,0,0,0,0,0,0,0,0,0,0,0,0,1,0,0,0,0,0,0,0,0,0,0,0,0,0,0,0,0,0,0,0,0,0,0,0,0,0,0,0,0,0,0,0,0,0,0,0,0,0,0,0,0,0,0,1,0,0,0
0,0,0,0,0,0,0,1,1,0,1,1,1,0,1,1,1,1,1,1,0,0,1,0,0,1,0,0,0,0,1,1,0,1,1,1,1,1,0,0,0,0,0,1,1,0,0,0,1,0,0,1,0,1,0,0,1,0,1,1,1,0,0,1,1,0,1,0,1,1,1,1,0,1,0,1,0,1,0,0,1,0,0,1,1,1,1,0,0,1,0,1,0,0,1,1,0,0,0,0,1,0,1,0,0,0,0,0,0,0,0,0,0,0,0,1,0,0,0,0,0,0,0,1,0,1,0,0,1,0,0,0,1,0,0,0,0,0,0,0,0,0,0,0,0,0,0,0,0,0,0,0,0,0,0,0,0,0,0,0,0,0
1,1,0,0,0,1,0,0,1,1,1,0,0,1,1,0,0,0,0,0,0,1,1,1,1,1,1,0,0,1,1,0,0,0,1,0,1,1,0,1,0,0,1,0,1,1,1,0,1,1,1,0,0,1,1,1,0,1,0,0,1,1,0,0,1,1,0,0,1,0,1,1,0,0,0,1,1,0,0,0,1,1,1,1,1,0,0,0,0,1,0,1,0,1,0,1,0,0,1,0,1,0,1,0,0,0,0,0,0,0,0,0,0,0,0,1,0,0,0,0,0,0,0,0,0,0,0,0,0,0,0,0,0,0,0,0,0,0,0,0,0,0,0,0,0,0,0,0,0,0,0,0,0,0,0,0,0,0,1,0,0,0
0,0,0,0,0,0,0,1,1,0,1,1,1,0,1,1,0,1,1,1,1,0,0,1,1,0,1,1,0,1,0,0,1,0,1,1,1,1,0,1,0,0,1,1,0,1,1,1,1,1,1,1,0,0,1,0,0,1,1,1,1,0,0,0,1,0,0,1,0,0,1,0,0,0,1,1,0,1,1,1,0,1,1,0,1,0,0,1,0,1,1,0,0,0,1,0,0,0,0,0,1,0,1,0,0,0,0,0,0,0,0,0,0,0,0,1,0,0,0,0,0,0,0,1,0,1,0,0,1,0,0,0,1,0,0,0,0,0,0,0,0,0,0,0,0,0,0,0,0,0,0,0,0,0,0,0,0,0,0,0,0,0
0,0,0,0,0,0,0,1,1,0,1,1,1,0,1,1,1,1,0,0,1,0,0,0,0,0,1,1,1,0,1,0,0,0,1,1,0,1,0,0,0,1,1,0,0,1,0,0,0,1,1,1,0,0,0,0,0,0,0,1,0,0,0,0,1,0,1,0,1,1,1,1,0,1,0,0,0,1,0,1,0,1,0,1,1,0,1,0,1,0,0,0,1,0,0,0,0,0,0,0,1,0,1,0,0,0,0,0,0,0,0,0,0,0,0,1,0,0,0,0,0,0,0,1,0,1,0,0,1,0,0,0,1,0,0,0,0,0,0,0,0,0,0,0,0,0,0,0,0,0,0,0,0,0,0,0,0,0,0,0,0,0
0,0,0,0,0,0,0,0,0,0,1,1,0,1,0,1,1,1,1,1,0,0,0,0,0,1,1,1,1,0,0,0,0,1,0,1,1,1,1,0,0,0,0,1,0,1,0,1,0,1,0,1,0,1,0,0,1,0,0,1,1,1,1,1,1,0,0,1,1,1,1,0,0,0,1,1,0,0,0,0,1,0,0,0,1,1,0,1,1,1,0,0,0,0,1,0,0,0,1,0,1,0,1,0,0,0,0,0,0,0,0,0,0,0,0,1,0,0,0,0,0,0,0,0,0,0,0,0,0,0,0,0,0,0,0,0,0,0,0,0,0,0,0,0,0,0,0,0,0,0,0,0,0,0,0,0,0,0,1,0,0,0
1,1,0,0,0,0,1,0,1,0,1,1,0,1,1,1,0,0,0,0,0,0,0,0,0,1,1,1,0,0,0,1,1,0,1,0,1,0,0,1,1,1,0,1,1,1,0,1,0,0,0,0,1,1,0,1,1,1,1,0,0,1,1,0,1,0,1,0,1,0,1,1,1,0,1,0,1,0,0,0,0,0,0,1,1,0,0,1,1,0,1,1,0,1,0,1,0,0,0,0,1,0,1,0,0,0,0,0,0,0,0,0,0,0,0,1,0,0,0,0,0,0,0,1,0,1,0,0,1,0,0,0,1,0,0,0,0,0,0,0,0,0,0,0,0,0,0,0,0,0,0,0,0,0,0,0,0,0,0,0,0,0
0,0,0,0,0,0,0,1,1,0,1,1,1,0,1,1,1,0,1,0,0,1,1,1,0,0,0,0,0,1,0,0,0,1,0,0,1,0,1,1,1,1,0,0,0,1,0,0,0,1,1,0,0,0,0,0,1,0,1,1,1,0,0,0,1,0,1,0,1,1,1,1,0,1,0,0,0,1,1,0,1,1,0,1,1,1,1,1,1,1,1,0,1,1,1,1,0,0,0,0,1,0,1,0,0,0,0,0,0,0,0,0,0,0,0,1,0,0,0,0,0,0,0,1,0,1,0,0,1,0,0,0,1,0,0,0,0,0,0,0,0,0,0,0,0,0,0,0,0,0,0,0,0,0,0,0,0,0,0,0,0,0
